"access_z","slope","se","lo","hi","mode","n_obs"
-1.73851004919714,0.0765923875137689,0.0426780084878929,-0.00705650912250115,0.160241284150039,"auto (45-min network jobs)",643
-1.67334391503225,0.0763282262415993,0.0424298042602024,-0.00683419010839736,0.159490642591596,"auto (45-min network jobs)",643
-1.60817778086737,0.0760640649694296,0.0421923730099722,-0.00663298613011594,0.158761116068975,"auto (45-min network jobs)",643
-1.54301164670248,0.07579990369726,0.0419658975890341,-0.00645325557724685,0.158053062971767,"auto (45-min network jobs)",643
-1.4778455125376,0.0755357424250904,0.0417505562870853,-0.00629534789759692,0.157366832747778,"auto (45-min network jobs)",643
-1.41267937837271,0.0752715811529207,0.0415465222334672,-0.00615960242467495,0.156702764730516,"auto (45-min network jobs)",643
-1.34751324420783,0.0750074198807511,0.0413539627931593,-0.00604634719384109,0.156061186955343,"auto (45-min network jobs)",643
-1.28234711004294,0.0747432586085814,0.0411730389610378,-0.00595589775505269,0.155442414972216,"auto (45-min network jobs)",643
-1.21718097587806,0.0744790973364118,0.0410039047587348,-0.00588855599070838,0.154846750663532,"auto (45-min network jobs)",643
-1.15201484171317,0.0742149360642421,0.0408467066386847,-0.00584460894757979,0.154274481076064,"auto (45-min network jobs)",643
-1.08684870754829,0.0739507747920725,0.0407015829001435,-0.00582432769220882,0.153725877276354,"auto (45-min network jobs)",643
-1.0216825733834,0.0736866135199028,0.0405686631221053,-0.0058279661994235,0.153201193239229,"auto (45-min network jobs)",643
-0.956516439218517,0.0734224522477332,0.0404480676181148,-0.00585576028377191,0.152700664779238,"auto (45-min network jobs)",643
-0.891350305053632,0.0731582909755635,0.0403399069179818,-0.00590792658368078,0.152224508534808,"auto (45-min network jobs)",643
-0.826184170888747,0.0728941297033939,0.0402442812813249,-0.00598466160800291,0.151772921014791,"auto (45-min network jobs)",643
-0.761018036723862,0.0726299684312242,0.0401612802477271,-0.00608614085432096,0.151346077716769,"auto (45-min network jobs)",643
-0.695851902558977,0.0723658071590546,0.0400909822280482,-0.00621251800791989,0.150944132326029,"auto (45-min network jobs)",643
-0.630685768394092,0.072101645886885,0.0400334541411304,-0.00636392422973071,0.150567216003501,"auto (45-min network jobs)",643
-0.565519634229207,0.0718374846147153,0.0399887510997459,-0.00654046754078665,0.150215436770217,"auto (45-min network jobs)",643
-0.500353500064322,0.0715733233425457,0.0399569161491722,-0.00674223230983192,0.149888878994923,"auto (45-min network jobs)",643
-0.435187365899437,0.071309162070376,0.0399379800612606,-0.00696927884969482,0.149587602990447,"auto (45-min network jobs)",643
-0.370021231734551,0.0710450007982064,0.0399319611862783,-0.00722164312689919,0.149311644723312,"auto (45-min network jobs)",643
-0.304855097569666,0.0707808395260367,0.0399388653641831,-0.00749933658776222,0.149061015639836,"auto (45-min network jobs)",643
-0.239688963404781,0.0705166782538671,0.0399586858963276,-0.00780234610293505,0.148835702610669,"auto (45-min network jobs)",643
-0.174522829239896,0.0702525169816974,0.039991403577913,-0.00813063403101209,0.148635667994407,"auto (45-min network jobs)",643
-0.109356695075011,0.0699883557095278,0.040036986790826,-0.00848413840049117,0.148460849819547,"auto (45-min network jobs)",643
-0.0441905609101259,0.0697241944373581,0.0400953916558144,-0.00886277320803815,0.148311162082754,"auto (45-min network jobs)",643
0.0209755732547592,0.0694600331651885,0.0401665622423011,-0.0092664288297217,0.148186495160099,"auto (45-min network jobs)",643
0.0861417074196444,0.0691958718930188,0.0402504308335111,-0.009694972540663,0.148086716326701,"auto (45-min network jobs)",643
0.151307841584529,0.0689317106208492,0.0403469182440121,-0.0101482491374145,0.148011670379113,"auto (45-min network jobs)",643
0.216473975749415,0.0686675493486795,0.0404559341862457,-0.0106260816563621,0.147961180353721,"auto (45-min network jobs)",643
0.2816401099143,0.0684033880765099,0.0405773776821743,-0.0111282721805517,0.147935048333571,"auto (45-min network jobs)",643
0.346806244079185,0.0681392268043402,0.0407111375157819,-0.0116546027265922,0.147933056335273,"auto (45-min network jobs)",643
0.41197237824407,0.0678750655321706,0.0408570927218654,-0.0122048362026856,0.147954967267027,"auto (45-min network jobs)",643
0.477138512408955,0.0676109042600009,0.0410151131063225,-0.0127787174283912,0.148000525948393,"auto (45-min network jobs)",643
0.54230464657384,0.0673467429878313,0.0411850597929986,-0.0133759742064459,0.148069460182109,"auto (45-min network jobs)",643
0.607470780738725,0.0670825817156616,0.0413667857920872,-0.0139963184368293,0.148161481868153,"auto (45-min network jobs)",643
0.67263691490361,0.066818420443492,0.0415601365850872,-0.0146394472632789,0.148276288150263,"auto (45-min network jobs)",643
0.737803049068495,0.0665542591713223,0.0417649507213991,-0.01530504424262,0.148413562585265,"auto (45-min network jobs)",643
0.80296918323338,0.0662900978991527,0.041981060421788,-0.0159927805275517,0.148572976325857,"auto (45-min network jobs)",643
0.868135317398266,0.066025936626983,0.0422082921841413,-0.0167023160539338,0.1487541893079,"auto (45-min network jobs)",643
-2.05167481671069,0.283597767859888,0.0696223911375341,0.147137881230321,0.420057654489454,"transit (45-min network jobs)",498
-1.97418804706823,0.277174917475749,0.0679531600558923,0.1439867237662,0.410363111185298,"transit (45-min network jobs)",498
-1.89670127742576,0.270752067091611,0.0662989691380659,0.140806087581002,0.40069804660222,"transit (45-min network jobs)",498
-1.8192145077833,0.264329216707472,0.0646609726904356,0.137593710234219,0.391064723180726,"transit (45-min network jobs)",498
-1.74172773814083,0.257906366323334,0.0630404330814031,0.134347117483784,0.381465615162884,"transit (45-min network jobs)",498
-1.66424096849837,0.251483515939196,0.061438731678177,0.131063601849969,0.371903430028423,"transit (45-min network jobs)",498
-1.5867541988559,0.245060665555057,0.0598573807535023,0.127740199278193,0.362381131831922,"transit (45-min network jobs)",498
-1.50926742921344,0.238637815170919,0.0582980363685693,0.124373663888523,0.352901966453315,"transit (45-min network jobs)",498
-1.43178065957098,0.23221496478678,0.0567625122022173,0.120960440870434,0.343469488703126,"transit (45-min network jobs)",498
-1.35429388992851,0.225792114402642,0.0552527942451535,0.117496637682141,0.334087591123143,"transit (45-min network jobs)",498
-1.27680712028605,0.219369264018504,0.0537710562068686,0.113977993853041,0.324760534183966,"transit (45-min network jobs)",498
-1.19932035064358,0.212946413634365,0.0523196753871976,0.110399849875458,0.315492977393272,"transit (45-min network jobs)",498
-1.12183358100112,0.206523563250227,0.0509012486384744,0.106757115918817,0.306290010581637,"transit (45-min network jobs)",498
-1.04434681135865,0.200100712866088,0.0495186078823347,0.103044241416712,0.297157184315464,"transit (45-min network jobs)",498
-0.966860041716189,0.19367786248195,0.0481748344425552,0.0992551869745418,0.288100537989358,"transit (45-min network jobs)",498
-0.889373272073724,0.187255012097812,0.0468732712091374,0.0953834005279024,0.279126623667721,"transit (45-min network jobs)",498
-0.81188650243126,0.180832161713673,0.0456175313606254,0.0914218002468473,0.270242523180499,"transit (45-min network jobs)",498
-0.734399732788795,0.174409311329535,0.0444115020500827,0.0873627673113727,0.261455855347697,"transit (45-min network jobs)",498
-0.656912963146331,0.167986460945396,0.043259341124963,0.0831981523404689,0.252774769550324,"transit (45-min network jobs)",498
-0.579426193503866,0.161563610561258,0.0421654646375667,0.0789192998716272,0.244207921250889,"transit (45-min network jobs)",498
-0.501939423861402,0.15514076017712,0.0411345226659119,0.0745170957519323,0.235764424602307,"transit (45-min network jobs)",498
-0.424452654218937,0.148717909792981,0.04017136088207,0.0699820424641239,0.227453777121838,"transit (45-min network jobs)",498
-0.346965884576473,0.142295059408843,0.0392809654743509,0.065304367079115,0.219285751738571,"transit (45-min network jobs)",498
-0.269479114934008,0.135872209024704,0.0384683895606685,0.060474165485794,0.211270252563615,"transit (45-min network jobs)",498
-0.191992345291544,0.129449358640566,0.0377386602239681,0.0554815846015885,0.203417132679543,"transit (45-min network jobs)",498
-0.114505575649079,0.123026508256428,0.0370966668168911,0.050317041295321,0.195735975217534,"transit (45-min network jobs)",498
-0.037018806006615,0.116603657872289,0.036547033199171,0.044971472801914,0.188235842942664,"transit (45-min network jobs)",498
0.0404679636358498,0.110180807488151,0.0360939789398971,0.0394366087659523,0.180925006210349,"transit (45-min network jobs)",498
0.117954733278314,0.103757957104012,0.0357411769403405,0.0337052503009449,0.17381066390708,"transit (45-min network jobs)",498
0.195441502920779,0.0973351067198739,0.0354916169786934,0.0277715374416349,0.166898675998113,"transit (45-min network jobs)",498
0.272928272563243,0.0909122563357355,0.0353474858477712,0.021631184074104,0.160193328597367,"transit (45-min network jobs)",498
0.350415042205708,0.0844894059515971,0.0353100746114908,0.0152816597130751,0.153697152190119,"transit (45-min network jobs)",498
0.427901811848172,0.0780665555674587,0.0353797218148231,0.00872230081040544,0.147410810324512,"transit (45-min network jobs)",498
0.505388581490636,0.0716437051833203,0.0355557983405527,0.00195434043583706,0.141333069930804,"transit (45-min network jobs)",498
0.582875351133101,0.0652208547991819,0.0358367354663952,-0.00501914671495263,0.135460856313317,"transit (45-min network jobs)",498
0.660362120775566,0.0587980044150435,0.0362200932557784,-0.0121933783662821,0.129789387196369,"transit (45-min network jobs)",498
0.73784889041803,0.0523751540309051,0.0367026625102421,-0.0195620644891695,0.12431237255098,"transit (45-min network jobs)",498
0.815335660060494,0.0459523036467667,0.0372805907750768,-0.0271176542723839,0.119022261565917,"transit (45-min network jobs)",498
0.892822429702959,0.0395294532626283,0.0379495216709158,-0.0348516092123668,0.113910515737623,"transit (45-min network jobs)",498
0.970309199345424,0.0331066028784899,0.0387047371116048,-0.0427546818602555,0.108967887617235,"transit (45-min network jobs)",498
1.04779596898789,0.0266837524943515,0.0395412934540604,-0.0508171826756069,0.10418468766431,"transit (45-min network jobs)",498
