"construction","primary","mode","form","spec","estimate","std.error","p.value","n_obs"
"block_pop|zero",TRUE,"auto","log","C_network",0.00206588635593036,0.00989876483834598,0.836307748515406,646
"block_pop|zero",TRUE,"auto","log","D_position_net",0.076692511696532,0.0256836076914965,0.00608804282850945,646
"block_pop|zero",TRUE,"auto","log","ACCESSxSEG",-0.0125972657788747,0.010573653523611,0.244265968425639,646
"block_pop|zero",TRUE,"auto","log_wins","C_network",-0.115013950804617,0.0118513605216716,3.94276061757351e-10,646
"block_pop|zero",TRUE,"auto","log_wins","D_position_net",-0.00512204007697381,0.0514692216270151,0.921491490149598,646
"block_pop|zero",TRUE,"auto","log_wins","ACCESSxSEG",-0.129700967294618,0.0157755314863255,1.05558252826184e-08,646
"block_pop|zero",TRUE,"auto","log_trim","C_network",-0.0554773004736669,0.0207284884818716,0.0127117796152938,644
"block_pop|zero",TRUE,"auto","log_trim","D_position_net",0.0377807379995048,0.0406079745324099,0.36073439524316,644
"block_pop|zero",TRUE,"auto","log_trim","ACCESSxSEG",-0.070592536285249,0.0205809349778925,0.00202544364741543,644
"block_pop|zero",TRUE,"auto","rank","C_network",-0.197873815061379,0.053746752974886,0.00106644190083735,646
"block_pop|zero",TRUE,"auto","rank","D_position_net",-0.0318617495777125,0.0910216952252195,0.729124270514064,646
"block_pop|zero",TRUE,"auto","rank","ACCESSxSEG",-0.27215414480157,0.0489350796450995,7.68551158578328e-06,646
"block_pop|zero",TRUE,"auto","log1p","C_network",0.00195419533386859,0.00990052095930684,0.845062761144616,646
"block_pop|zero",TRUE,"auto","log1p","D_position_net",0.0766784487476013,0.0257305439878281,0.00617710304947749,646
"block_pop|zero",TRUE,"auto","log1p","ACCESSxSEG",-0.012717266148646,0.0105791295892325,0.240155958181613,646
"block_pop|zero",TRUE,"transit","log","C_network",-0.103808224389945,0.0887140426624927,0.253925593836561,488
"block_pop|zero",TRUE,"transit","log","D_position_net",-0.126160699426414,0.102087494202158,0.229003027621902,488
"block_pop|zero",TRUE,"transit","log","ACCESSxSEG",-0.11281117189358,0.0876192782412766,0.21072013201861,488
"block_pop|zero",TRUE,"transit","log_wins","C_network",-0.0610572693748645,0.112882483622945,0.593782246549089,488
"block_pop|zero",TRUE,"transit","log_wins","D_position_net",-0.016518361397611,0.0825613935089641,0.843181437061922,488
"block_pop|zero",TRUE,"transit","log_wins","ACCESSxSEG",-0.0835951195298267,0.122915186938092,0.503227409395437,488
"block_pop|zero",TRUE,"transit","log_trim","C_network",0.0774865886950438,0.0289684782869809,0.0135279241417972,479
"block_pop|zero",TRUE,"transit","log_trim","D_position_net",0.0385468148914121,0.038711523339251,0.329735189316524,479
"block_pop|zero",TRUE,"transit","log_trim","ACCESSxSEG",0.0742484399694163,0.0294566711487156,0.019104670942486,479
"block_pop|zero",TRUE,"transit","rank","C_network",-0.00824922843056036,0.0905640796371315,0.928211963393631,488
"block_pop|zero",TRUE,"transit","rank","D_position_net",0.108569018051436,0.0342331040002509,0.00425909679003815,488
"block_pop|zero",TRUE,"transit","rank","ACCESSxSEG",-0.0477977241460122,0.110749714607543,0.670062948879386,488
"block_pop|zero",TRUE,"transit","log1p","C_network",-0.0921546442126324,0.0527279052524961,0.0923112749352646,646
"block_pop|zero",TRUE,"transit","log1p","D_position_net",-0.00961095841352932,0.0615550961227434,0.877131931328028,646
"block_pop|zero",TRUE,"transit","log1p","ACCESSxSEG",-0.232658176321499,0.0446453792939372,1.92596570367839e-05,646
"block_pop|missing",FALSE,"auto","log","C_network",0.00206588635593036,0.00989876483834598,0.836307748515406,646
"block_pop|missing",FALSE,"auto","log","D_position_net",0.076692511696532,0.0256836076914965,0.00608804282850945,646
"block_pop|missing",FALSE,"auto","log","ACCESSxSEG",-0.0125972657788747,0.010573653523611,0.244265968425639,646
"block_pop|missing",FALSE,"auto","log_wins","C_network",-0.115013950804617,0.0118513605216716,3.94276061757351e-10,646
"block_pop|missing",FALSE,"auto","log_wins","D_position_net",-0.00512204007697381,0.0514692216270151,0.921491490149598,646
"block_pop|missing",FALSE,"auto","log_wins","ACCESSxSEG",-0.129700967294618,0.0157755314863255,1.05558252826184e-08,646
"block_pop|missing",FALSE,"auto","log_trim","C_network",-0.0554773004736669,0.0207284884818716,0.0127117796152938,644
"block_pop|missing",FALSE,"auto","log_trim","D_position_net",0.0377807379995048,0.0406079745324099,0.36073439524316,644
"block_pop|missing",FALSE,"auto","log_trim","ACCESSxSEG",-0.070592536285249,0.0205809349778925,0.00202544364741543,644
"block_pop|missing",FALSE,"auto","rank","C_network",-0.197873815061379,0.053746752974886,0.00106644190083735,646
"block_pop|missing",FALSE,"auto","rank","D_position_net",-0.0318617495777125,0.0910216952252195,0.729124270514064,646
"block_pop|missing",FALSE,"auto","rank","ACCESSxSEG",-0.27215414480157,0.0489350796450995,7.68551158578328e-06,646
"block_pop|missing",FALSE,"auto","log1p","C_network",0.00195419533386859,0.00990052095930684,0.845062761144616,646
"block_pop|missing",FALSE,"auto","log1p","D_position_net",0.0766784487476013,0.0257305439878281,0.00617710304947749,646
"block_pop|missing",FALSE,"auto","log1p","ACCESSxSEG",-0.012717266148646,0.0105791295892325,0.240155958181613,646
"block_pop|missing",FALSE,"transit","log","C_network",-0.149899642378437,0.0767524789969707,0.0630886896441936,488
"block_pop|missing",FALSE,"transit","log","D_position_net",-0.217746893288474,0.0994589612565207,0.0389822039277946,488
"block_pop|missing",FALSE,"transit","log","ACCESSxSEG",-0.152558028579248,0.0718807008916395,0.0447891514154786,488
"block_pop|missing",FALSE,"transit","log_wins","C_network",-0.144646314164897,0.120529468718441,0.242319895034893,488
"block_pop|missing",FALSE,"transit","log_wins","D_position_net",-0.133581519221435,0.133477639734321,0.327347361422035,488
"block_pop|missing",FALSE,"transit","log_wins","ACCESSxSEG",-0.161256493682514,0.116940547423151,0.181170570496919,488
"block_pop|missing",FALSE,"transit","log_trim","C_network",0.0420512506353432,0.0309999774254021,0.188109365159937,485
"block_pop|missing",FALSE,"transit","log_trim","D_position_net",-0.0193540254673789,0.0506330553250922,0.705791889117632,485
"block_pop|missing",FALSE,"transit","log_trim","ACCESSxSEG",0.0272704862797322,0.0312498519536932,0.391868186067298,485
"block_pop|missing",FALSE,"transit","rank","C_network",-0.0854898428506352,0.114225056440904,0.461784248724947,488
"block_pop|missing",FALSE,"transit","rank","D_position_net",0.0330898274515487,0.0618259974676887,0.597642707506814,488
"block_pop|missing",FALSE,"transit","rank","ACCESSxSEG",-0.119189998170482,0.121085059952623,0.335186131141077,488
"block_pop|missing",FALSE,"transit","log1p","C_network",-0.149868572464512,0.0767732573817739,0.0632056178478333,488
"block_pop|missing",FALSE,"transit","log1p","D_position_net",-0.217675863015164,0.0995012519535001,0.0391162917300462,488
"block_pop|missing",FALSE,"transit","log1p","ACCESSxSEG",-0.152534565270854,0.0719012122214465,0.044875211169512,488
"block_area|zero",FALSE,"auto","log","C_network",-0.00959083355495682,0.0116603973728274,0.418264668326879,646
"block_area|zero",FALSE,"auto","log","D_position_net",0.0688896388631353,0.0282563176254266,0.0219103692425171,646
"block_area|zero",FALSE,"auto","log","ACCESSxSEG",-0.0249250644800272,0.0111667935379605,0.0344415141994293,646
"block_area|zero",FALSE,"auto","log_wins","C_network",-0.0939162126333648,0.0115386636146978,1.27792943751532e-08,646
"block_area|zero",FALSE,"auto","log_wins","D_position_net",0.0219583067371376,0.041310139866746,0.599551874811862,646
"block_area|zero",FALSE,"auto","log_wins","ACCESSxSEG",-0.114473274855209,0.0165498480134377,2.41579462417727e-07,646
"block_area|zero",FALSE,"auto","log_trim","C_network",-0.0342896603959779,0.0201379688655204,0.100545119786305,641
"block_area|zero",FALSE,"auto","log_trim","D_position_net",-0.0110592627195421,0.0332943782078539,0.742426934055241,641
"block_area|zero",FALSE,"auto","log_trim","ACCESSxSEG",-0.0510880472361592,0.0152576049368969,0.00248795597394201,641
"block_area|zero",FALSE,"auto","rank","C_network",-0.189970172657489,0.0486549591372153,0.000599536427723125,646
"block_area|zero",FALSE,"auto","rank","D_position_net",-0.0279227483564477,0.0848511839272168,0.744732110191822,646
"block_area|zero",FALSE,"auto","rank","ACCESSxSEG",-0.266760980536693,0.0462891120633055,4.54759616861831e-06,646
"block_area|zero",FALSE,"auto","log1p","C_network",-0.00970912303710769,0.0116579463518296,0.412524144907562,646
"block_area|zero",FALSE,"auto","log1p","D_position_net",0.0688731280866151,0.02830460516883,0.0221441418209052,646
"block_area|zero",FALSE,"auto","log1p","ACCESSxSEG",-0.0250470192706921,0.0111699670440066,0.0336869076587231,646
"block_area|zero",FALSE,"transit","log","C_network",0.00824913277737371,0.0418179156152565,0.845354519917205,495
"block_area|zero",FALSE,"transit","log","D_position_net",0.0167271737199017,0.0392940395022096,0.674288999512727,495
"block_area|zero",FALSE,"transit","log","ACCESSxSEG",-0.0209646277719962,0.0405710202805672,0.610271778175165,495
"block_area|zero",FALSE,"transit","log_wins","C_network",-0.00298929984091639,0.0400590902194174,0.94116050193292,495
"block_area|zero",FALSE,"transit","log_wins","D_position_net",0.0296422483200604,0.0324225003722735,0.370071368357242,495
"block_area|zero",FALSE,"transit","log_wins","ACCESSxSEG",-0.0476537753445427,0.0392580260563678,0.237118829353443,495
"block_area|zero",FALSE,"transit","log_trim","C_network",0.0836159866670091,0.0270543403324154,0.00516039720599026,480
"block_area|zero",FALSE,"transit","log_trim","D_position_net",0.0413630965246466,0.036305775717019,0.266306008160167,480
"block_area|zero",FALSE,"transit","log_trim","ACCESSxSEG",0.0812692030538781,0.0263466602614833,0.00523491106084569,480
"block_area|zero",FALSE,"transit","rank","C_network",0.0276127081906926,0.0424746720897357,0.52206983502632,495
"block_area|zero",FALSE,"transit","rank","D_position_net",0.105744183718397,0.0394599870380992,0.0133780641878079,495
"block_area|zero",FALSE,"transit","rank","ACCESSxSEG",-0.0504152312872439,0.0517420008203187,0.340015898490928,495
"block_area|zero",FALSE,"transit","log1p","C_network",-0.141172336917782,0.0554529082612999,0.0171740526193531,646
"block_area|zero",FALSE,"transit","log1p","D_position_net",-0.0141655223817232,0.081646881167086,0.863604180953941,646
"block_area|zero",FALSE,"transit","log1p","ACCESSxSEG",-0.249336658371835,0.051744000691427,5.4237786180201e-05,646
"block_area|missing",FALSE,"auto","log","C_network",-0.00959083355495682,0.0116603973728274,0.418264668326879,646
"block_area|missing",FALSE,"auto","log","D_position_net",0.0688896388631353,0.0282563176254266,0.0219103692425171,646
"block_area|missing",FALSE,"auto","log","ACCESSxSEG",-0.0249250644800272,0.0111667935379605,0.0344415141994293,646
"block_area|missing",FALSE,"auto","log_wins","C_network",-0.0939162126333648,0.0115386636146978,1.27792943751532e-08,646
"block_area|missing",FALSE,"auto","log_wins","D_position_net",0.0219583067371376,0.041310139866746,0.599551874811862,646
"block_area|missing",FALSE,"auto","log_wins","ACCESSxSEG",-0.114473274855209,0.0165498480134377,2.41579462417727e-07,646
"block_area|missing",FALSE,"auto","log_trim","C_network",-0.0342896603959779,0.0201379688655204,0.100545119786305,641
"block_area|missing",FALSE,"auto","log_trim","D_position_net",-0.0110592627195421,0.0332943782078539,0.742426934055241,641
"block_area|missing",FALSE,"auto","log_trim","ACCESSxSEG",-0.0510880472361592,0.0152576049368969,0.00248795597394201,641
"block_area|missing",FALSE,"auto","rank","C_network",-0.189970172657489,0.0486549591372153,0.000599536427723125,646
"block_area|missing",FALSE,"auto","rank","D_position_net",-0.0279227483564477,0.0848511839272168,0.744732110191822,646
"block_area|missing",FALSE,"auto","rank","ACCESSxSEG",-0.266760980536693,0.0462891120633055,4.54759616861831e-06,646
"block_area|missing",FALSE,"auto","log1p","C_network",-0.00970912303710769,0.0116579463518296,0.412524144907562,646
"block_area|missing",FALSE,"auto","log1p","D_position_net",0.0688731280866151,0.02830460516883,0.0221441418209052,646
"block_area|missing",FALSE,"auto","log1p","ACCESSxSEG",-0.0250470192706921,0.0111699670440066,0.0336869076587231,646
"block_area|missing",FALSE,"transit","log","C_network",-0.151592466524676,0.0771780001590499,0.0617044369930368,495
"block_area|missing",FALSE,"transit","log","D_position_net",-0.171621768511749,0.0883832569754326,0.0645091900706957,495
"block_area|missing",FALSE,"transit","log","ACCESSxSEG",-0.169828500549623,0.0620270765058394,0.0117214510299363,495
"block_area|missing",FALSE,"transit","log_wins","C_network",-0.147478330968894,0.118870281449366,0.227236061074898,495
"block_area|missing",FALSE,"transit","log_wins","D_position_net",-0.146485437104267,0.140460647972149,0.307836279897477,495
"block_area|missing",FALSE,"transit","log_wins","ACCESSxSEG",-0.178620530602999,0.0961312336736124,0.0760032935324375,495
"block_area|missing",FALSE,"transit","log_trim","C_network",0.00702113822869177,0.0456527670297284,0.87911333957087,492
"block_area|missing",FALSE,"transit","log_trim","D_position_net",0.0335388319791828,0.0491427415236425,0.501753289920495,492
"block_area|missing",FALSE,"transit","log_trim","ACCESSxSEG",-0.0640346864554003,0.0680239065420375,0.356305588404053,492
"block_area|missing",FALSE,"transit","rank","C_network",-0.081122167386226,0.095035910358064,0.402132325300646,495
"block_area|missing",FALSE,"transit","rank","D_position_net",-0.00816429435189248,0.0888709393632988,0.927599286131778,495
"block_area|missing",FALSE,"transit","rank","ACCESSxSEG",-0.135006392508128,0.0832370191033959,0.118443274249727,495
"block_area|missing",FALSE,"transit","log1p","C_network",-0.151564204987596,0.0772043939246663,0.0618319246634326,495
"block_area|missing",FALSE,"transit","log1p","D_position_net",-0.171585557200945,0.0884305253478596,0.0646942066924117,495
"block_area|missing",FALSE,"transit","log1p","ACCESSxSEG",-0.169805202776769,0.0620492241470182,0.0117576592693804,495
"rel_area|zero",FALSE,"auto","log","C_network",0.0101201552337851,0.0106434665546079,0.350445164843408,646
"rel_area|zero",FALSE,"auto","log","D_position_net",0.0904883009629058,0.0246841136217753,0.00111045107572092,646
"rel_area|zero",FALSE,"auto","log","ACCESSxSEG",-0.00392494041912927,0.0109493662081498,0.722891271218806,646
"rel_area|zero",FALSE,"auto","log_wins","C_network",-0.114498607928419,0.0147197462095428,2.98193939670575e-08,646
"rel_area|zero",FALSE,"auto","log_wins","D_position_net",0.0124031295097793,0.0611794126550069,0.840921320307285,646
"rel_area|zero",FALSE,"auto","log_wins","ACCESSxSEG",-0.130771267354428,0.0185059713226683,1.66911194902513e-07,646
"rel_area|zero",FALSE,"auto","log_trim","C_network",-0.040844982255189,0.021297551338334,0.0661799309476324,644
"rel_area|zero",FALSE,"auto","log_trim","D_position_net",0.0643070296612596,0.0375933735882552,0.0990642320361141,644
"rel_area|zero",FALSE,"auto","log_trim","ACCESSxSEG",-0.0568403938616016,0.0204636764680817,0.0100257910419429,644
"rel_area|zero",FALSE,"auto","rank","C_network",-0.222814165136016,0.0662030493372592,0.00238239284800537,646
"rel_area|zero",FALSE,"auto","rank","D_position_net",-0.022568889453555,0.103945603975624,0.82980797545681,646
"rel_area|zero",FALSE,"auto","rank","ACCESSxSEG",-0.289218848317002,0.0626732958274196,9.29431550695707e-05,646
"rel_area|zero",FALSE,"auto","log1p","C_network",0.0100164179970144,0.0106486327326626,0.355552591507698,646
"rel_area|zero",FALSE,"auto","log1p","D_position_net",0.0904953454483179,0.0247190047956658,0.0011244762496246,646
"rel_area|zero",FALSE,"auto","log1p","ACCESSxSEG",-0.00403844174728041,0.0109551853791045,0.715386095470367,646
"rel_area|zero",FALSE,"transit","log","C_network",-0.0129756876259582,0.0138166663812212,0.357421212324628,517
"rel_area|zero",FALSE,"transit","log","D_position_net",0.0355964072573147,0.0190938287874624,0.0750947520625651,517
"rel_area|zero",FALSE,"transit","log","ACCESSxSEG",-0.0464264471112018,0.0113969757396113,0.00046853892906891,517
"rel_area|zero",FALSE,"transit","log_wins","C_network",0.00559323960539265,0.0265265509341486,0.834857869618601,517
"rel_area|zero",FALSE,"transit","log_wins","D_position_net",0.0475462566420646,0.0313328921073492,0.142777899374062,517
"rel_area|zero",FALSE,"transit","log_wins","ACCESSxSEG",-0.056623110267022,0.0277060969789548,0.0525996877574483,517
"rel_area|zero",FALSE,"transit","log_trim","C_network",0.0785121784886022,0.0378750121847023,0.0495667466080635,490
"rel_area|zero",FALSE,"transit","log_trim","D_position_net",0.0646069454092521,0.0206996295145414,0.00480047392793457,490
"rel_area|zero",FALSE,"transit","log_trim","ACCESSxSEG",0.0319885927105791,0.05471811331769,0.564503185647581,490
"rel_area|zero",FALSE,"transit","rank","C_network",0.0260116667470591,0.038833858030317,0.509642416244442,517
"rel_area|zero",FALSE,"transit","rank","D_position_net",0.120172767647791,0.0357301876109713,0.00268664751181037,517
"rel_area|zero",FALSE,"transit","rank","ACCESSxSEG",-0.092453936376724,0.0502221367068853,0.078573296052538,517
"rel_area|zero",FALSE,"transit","log1p","C_network",-0.133922880400591,0.0593065748972534,0.0325572557191711,646
"rel_area|zero",FALSE,"transit","log1p","D_position_net",0.00277566742945656,0.066252290076051,0.966902148726632,646
"rel_area|zero",FALSE,"transit","log1p","ACCESSxSEG",-0.232375162927482,0.0520528401556868,0.000138249595032554,646
"rel_area|missing",FALSE,"auto","log","C_network",0.0101201552337851,0.0106434665546079,0.350445164843408,646
"rel_area|missing",FALSE,"auto","log","D_position_net",0.0904883009629058,0.0246841136217753,0.00111045107572092,646
"rel_area|missing",FALSE,"auto","log","ACCESSxSEG",-0.00392494041912927,0.0109493662081498,0.722891271218806,646
"rel_area|missing",FALSE,"auto","log_wins","C_network",-0.114498607928419,0.0147197462095428,2.98193939670575e-08,646
"rel_area|missing",FALSE,"auto","log_wins","D_position_net",0.0124031295097793,0.0611794126550069,0.840921320307285,646
"rel_area|missing",FALSE,"auto","log_wins","ACCESSxSEG",-0.130771267354428,0.0185059713226683,1.66911194902513e-07,646
"rel_area|missing",FALSE,"auto","log_trim","C_network",-0.040844982255189,0.021297551338334,0.0661799309476324,644
"rel_area|missing",FALSE,"auto","log_trim","D_position_net",0.0643070296612596,0.0375933735882552,0.0990642320361141,644
"rel_area|missing",FALSE,"auto","log_trim","ACCESSxSEG",-0.0568403938616016,0.0204636764680817,0.0100257910419429,644
"rel_area|missing",FALSE,"auto","rank","C_network",-0.222814165136016,0.0662030493372592,0.00238239284800537,646
"rel_area|missing",FALSE,"auto","rank","D_position_net",-0.022568889453555,0.103945603975624,0.82980797545681,646
"rel_area|missing",FALSE,"auto","rank","ACCESSxSEG",-0.289218848317002,0.0626732958274196,9.29431550695707e-05,646
"rel_area|missing",FALSE,"auto","log1p","C_network",0.0100164179970144,0.0106486327326626,0.355552591507698,646
"rel_area|missing",FALSE,"auto","log1p","D_position_net",0.0904953454483179,0.0247190047956658,0.0011244762496246,646
"rel_area|missing",FALSE,"auto","log1p","ACCESSxSEG",-0.00403844174728041,0.0109551853791045,0.715386095470367,646
"rel_area|missing",FALSE,"transit","log","C_network",-0.0566912308518906,0.0304314166784126,0.0752948556394759,517
"rel_area|missing",FALSE,"transit","log","D_position_net",-0.0684505643145572,0.039960878992327,0.100174036510386,517
"rel_area|missing",FALSE,"transit","log","ACCESSxSEG",-0.0877691103173813,0.0265375541729427,0.00307526564791464,517
"rel_area|missing",FALSE,"transit","log_wins","C_network",-0.0525554333052622,0.0280849650271071,0.0740782065883767,517
"rel_area|missing",FALSE,"transit","log_wins","D_position_net",-0.0603828423384738,0.0382653220505503,0.128220629138608,517
"rel_area|missing",FALSE,"transit","log_wins","ACCESSxSEG",-0.0926597911662617,0.0259492067071938,0.00162188828623159,517
"rel_area|missing",FALSE,"transit","log_trim","C_network",-0.0169022720727227,0.0229279875678884,0.46846132784432,515
"rel_area|missing",FALSE,"transit","log_trim","D_position_net",-0.013737976296662,0.0181975759722416,0.457949626769549,515
"rel_area|missing",FALSE,"transit","log_trim","ACCESSxSEG",-0.0579906968086573,0.0105981472053342,1.45858265600638e-05,515
"rel_area|missing",FALSE,"transit","rank","C_network",-0.0638337844153081,0.0246620497721637,0.0164328971031514,517
"rel_area|missing",FALSE,"transit","rank","D_position_net",-0.0737574072934939,0.046446451453067,0.125937687135091,517
"rel_area|missing",FALSE,"transit","rank","ACCESSxSEG",-0.112958295754385,0.0278368552978768,0.000487200893628307,517
"rel_area|missing",FALSE,"transit","log1p","C_network",-0.0566866194021927,0.0304318891494545,0.075321234414076,517
"rel_area|missing",FALSE,"transit","log1p","D_position_net",-0.0684419467890737,0.0399636737862949,0.100236726774898,517
"rel_area|missing",FALSE,"transit","log1p","ACCESSxSEG",-0.0877728374475895,0.0265410983357782,0.0030774974891623,517
"rel_dominant|zero",FALSE,"auto","log","C_network",0.0101216751264743,0.0106465542900237,0.350511424596016,646
"rel_dominant|zero",FALSE,"auto","log","D_position_net",0.0903683605713856,0.0246745865257266,0.00112031640662235,646
"rel_dominant|zero",FALSE,"auto","log","ACCESSxSEG",-0.00386179761353461,0.0109449977034695,0.727055293446175,646
"rel_dominant|zero",FALSE,"auto","log_wins","C_network",-0.115004265555833,0.014648950427841,2.51382488513988e-08,646
"rel_dominant|zero",FALSE,"auto","log_wins","D_position_net",0.0118785631110483,0.0610526708207804,0.847247716232448,646
"rel_dominant|zero",FALSE,"auto","log_wins","ACCESSxSEG",-0.130749122781743,0.0183178281541092,1.40046824111052e-07,646
"rel_dominant|zero",FALSE,"auto","log_trim","C_network",-0.0410001963361765,0.0214294095577621,0.0667859572877134,644
"rel_dominant|zero",FALSE,"auto","log_trim","D_position_net",0.0640359575527327,0.0373988504419544,0.0987557808950459,644
"rel_dominant|zero",FALSE,"auto","log_trim","ACCESSxSEG",-0.0568457316048386,0.0204706416996614,0.0100420041683881,644
"rel_dominant|zero",FALSE,"auto","rank","C_network",-0.22526975433082,0.0670644932400866,0.00242235356296655,646
"rel_dominant|zero",FALSE,"auto","rank","D_position_net",-0.0244413255049056,0.10407632466368,0.816172293630425,646
"rel_dominant|zero",FALSE,"auto","rank","ACCESSxSEG",-0.28884599731837,0.061977520399644,8.2358739179756e-05,646
"rel_dominant|zero",FALSE,"auto","log1p","C_network",0.010017305490314,0.0106517960306526,0.355651200024983,646
"rel_dominant|zero",FALSE,"auto","log1p","D_position_net",0.0903750703383197,0.0247092636181274,0.00113440184847022,646
"rel_dominant|zero",FALSE,"auto","log1p","ACCESSxSEG",-0.00397586519090259,0.0109508025706979,0.719490644803026,646
"rel_dominant|zero",FALSE,"transit","log","C_network",-0.0299273567401689,0.0227957557989359,0.202183507169924,493
"rel_dominant|zero",FALSE,"transit","log","D_position_net",-0.0376118146351834,0.0232740879701627,0.119721453883525,493
"rel_dominant|zero",FALSE,"transit","log","ACCESSxSEG",-0.059078231773352,0.0246586751298409,0.0251106298656874,493
"rel_dominant|zero",FALSE,"transit","log_wins","C_network",-0.0514530554482844,0.0364054696145346,0.170949581411409,493
"rel_dominant|zero",FALSE,"transit","log_wins","D_position_net",-0.0276380319702005,0.0421570473647633,0.518588111764137,493
"rel_dominant|zero",FALSE,"transit","log_wins","ACCESSxSEG",-0.103940754356467,0.0405614243094986,0.0174059523208224,493
"rel_dominant|zero",FALSE,"transit","log_trim","C_network",-0.0127244455090454,0.0396846331945168,0.751378986674273,484
"rel_dominant|zero",FALSE,"transit","log_trim","D_position_net",0.0531877760562609,0.0379587476813211,0.17450390827244,484
"rel_dominant|zero",FALSE,"transit","log_trim","ACCESSxSEG",-0.100719819874432,0.0730442803842127,0.18119314260173,484
"rel_dominant|zero",FALSE,"transit","rank","C_network",-0.064717298686112,0.0581518769793864,0.277247572397331,493
"rel_dominant|zero",FALSE,"transit","rank","D_position_net",0.0868364358044815,0.053812015939375,0.120230097826361,493
"rel_dominant|zero",FALSE,"transit","rank","ACCESSxSEG",-0.148667653775194,0.0632627297066325,0.0277245816359533,493
"rel_dominant|zero",FALSE,"transit","log1p","C_network",-0.0542987808951176,0.0434066117747696,0.222098849015296,646
"rel_dominant|zero",FALSE,"transit","log1p","D_position_net",0.0331759450890639,0.0534226702550976,0.540000461227103,646
"rel_dominant|zero",FALSE,"transit","log1p","ACCESSxSEG",-0.180295862779787,0.0384629544987601,7.66861430315349e-05,646
"rel_dominant|missing",FALSE,"auto","log","C_network",0.0101216751264743,0.0106465542900237,0.350511424596016,646
"rel_dominant|missing",FALSE,"auto","log","D_position_net",0.0903683605713856,0.0246745865257266,0.00112031640662235,646
"rel_dominant|missing",FALSE,"auto","log","ACCESSxSEG",-0.00386179761353461,0.0109449977034695,0.727055293446175,646
"rel_dominant|missing",FALSE,"auto","log_wins","C_network",-0.115004265555833,0.014648950427841,2.51382488513988e-08,646
"rel_dominant|missing",FALSE,"auto","log_wins","D_position_net",0.0118785631110483,0.0610526708207804,0.847247716232448,646
"rel_dominant|missing",FALSE,"auto","log_wins","ACCESSxSEG",-0.130749122781743,0.0183178281541092,1.40046824111052e-07,646
"rel_dominant|missing",FALSE,"auto","log_trim","C_network",-0.0410001963361765,0.0214294095577621,0.0667859572877134,644
"rel_dominant|missing",FALSE,"auto","log_trim","D_position_net",0.0640359575527327,0.0373988504419544,0.0987557808950459,644
"rel_dominant|missing",FALSE,"auto","log_trim","ACCESSxSEG",-0.0568457316048386,0.0204706416996614,0.0100420041683881,644
"rel_dominant|missing",FALSE,"auto","rank","C_network",-0.22526975433082,0.0670644932400866,0.00242235356296655,646
"rel_dominant|missing",FALSE,"auto","rank","D_position_net",-0.0244413255049056,0.10407632466368,0.816172293630425,646
"rel_dominant|missing",FALSE,"auto","rank","ACCESSxSEG",-0.28884599731837,0.061977520399644,8.2358739179756e-05,646
"rel_dominant|missing",FALSE,"auto","log1p","C_network",0.010017305490314,0.0106517960306526,0.355651200024983,646
"rel_dominant|missing",FALSE,"auto","log1p","D_position_net",0.0903750703383197,0.0247092636181274,0.00113440184847022,646
"rel_dominant|missing",FALSE,"auto","log1p","ACCESSxSEG",-0.00397586519090259,0.0109508025706979,0.719490644803026,646
"rel_dominant|missing",FALSE,"transit","log","C_network",-0.0443692294052297,0.0272141665968567,0.116642661498857,493
"rel_dominant|missing",FALSE,"transit","log","D_position_net",-0.0541750413261458,0.0283335666892594,0.0684063343056988,493
"rel_dominant|missing",FALSE,"transit","log","ACCESSxSEG",-0.0789992639481236,0.0272068267299908,0.00800344547989722,493
"rel_dominant|missing",FALSE,"transit","log_wins","C_network",-0.0357093225190607,0.0291262915260233,0.232597594544294,493
"rel_dominant|missing",FALSE,"transit","log_wins","D_position_net",-0.030463043390584,0.0306558606224443,0.330704051821086,493
"rel_dominant|missing",FALSE,"transit","log_wins","ACCESSxSEG",-0.08921674247233,0.0308733013419575,0.0082658012737989,493
"rel_dominant|missing",FALSE,"transit","log_trim","C_network",0.00965576796348253,0.0301366001300304,0.751557848258172,491
"rel_dominant|missing",FALSE,"transit","log_trim","D_position_net",0.0171266930068083,0.0303922429099601,0.578532947848523,491
"rel_dominant|missing",FALSE,"transit","log_trim","ACCESSxSEG",-0.0464000535518887,0.0145641106470133,0.00411475191857348,491
"rel_dominant|missing",FALSE,"transit","rank","C_network",-0.0490036059828002,0.037632710807804,0.205753636406892,493
"rel_dominant|missing",FALSE,"transit","rank","D_position_net",-0.00999386581243678,0.0376826771419128,0.793209331413346,493
"rel_dominant|missing",FALSE,"transit","rank","ACCESSxSEG",-0.126685121987375,0.0403692664732196,0.00461054008961602,493
"rel_dominant|missing",FALSE,"transit","log1p","C_network",-0.0443586108420966,0.0272179112189766,0.116773260226634,493
"rel_dominant|missing",FALSE,"transit","log1p","D_position_net",-0.05415155589514,0.0283414426908149,0.068589347787287,493
"rel_dominant|missing",FALSE,"transit","log1p","ACCESSxSEG",-0.0790034832871966,0.027212773798497,0.00801237139008496,493
